{"stats":{"minecraft:crafted":{"minecraft:wooden_sword":1,"minecraft:oak_planks":20,"minecraft:crafting_table":1,"minecraft:stick":4,"minecraft:wooden_pickaxe":1,"minecraft:wooden_axe":1},"minecraft:picked_up":{"born_in_chaos_v1:fused_bone":1,"minecraft:stick":2,"minecraft:crafting_table":1,"minecraft:porkchop":8,"minecraft:oak_log":5,"minecraft:red_tulip":3,"minecraft:mutton":9,"minecraft:white_wool":7,"minecraft:cobblestone":3,"minecraft:sunflower":4},"minecraft:mined":{"minecraft:birch_leaves":1,"minecraft:crafting_table":1,"minecraft:oak_log":5,"minecraft:sunflower":4,"minecraft:stone":3,"minecraft:oak_leaves":3},"minecraft:killed_by":{"born_in_chaos_v1:decaying_zombie":1},"minecraft:custom":{"minecraft:time_since_rest":235,"minecraft:sprint_one_cm":36987,"minecraft:damage_taken":360,"minecraft:walk_one_cm":36141,"minecraft:mob_kills":13,"minecraft:damage_dealt":1445,"minecraft:swim_one_cm":3561,"minecraft:interact_with_crafting_table":3,"minecraft:fly_one_cm":46674,"minecraft:crouch_one_cm":421,"minecraft:play_time":13946,"minecraft:deaths":1,"minecraft:sneak_time":187,"minecraft:walk_under_water_one_cm":172,"minecraft:jump":309,"minecraft:time_since_death":180,"minecraft:leave_game":2,"minecraft:walk_on_water_one_cm":125,"minecraft:total_world_time":13946,"minecraft:fall_one_cm":10614},"minecraft:used":{"minecraft:red_tulip":3,"minecraft:sunflower":4,"minecraft:wooden_pickaxe":3,"minecraft:wooden_sword":21,"minecraft:mutton":5,"minecraft:crafting_table":2,"minecraft:porkchop":3,"alexsmobs:animal_dictionary":1},"minecraft:killed":{"minecraft:sheep":7,"minecraft:pig":3,"enemyexpansion:direwolf":1,"born_in_chaos_v1:siamese_skeletonsright":1,"born_in_chaos_v1:siamese_skeletonsleft":1}},"DataVersion":3120}